content,summary
铁路运输企业如何核验旅客的乘车凭证？,旅客应当接受铁路运输企业对乘车相关凭证进行必要的核验。
旅客乘坐火车时，铁路运输企业是如何核验乘车凭证的？,旅客应当接受铁路运输企业对乘车相关凭证进行必要的核验。
铁路运输企业对旅客的乘车凭证进行怎样的核验？,旅客应当接受铁路运输企业对乘车相关凭证进行必要的核验。
乘客需要在铁路运输中接受怎样的乘车凭证核验？,旅客应当接受铁路运输企业对乘车相关凭证进行必要的核验。
铁路运输企业对乘客的乘车凭证有哪些核验要求？,旅客应当接受铁路运输企业对乘车相关凭证进行必要的核验。
乘客在火车旅行中需要接受铁路运输企业对乘车凭证的何种核验？,旅客应当接受铁路运输企业对乘车相关凭证进行必要的核验。
铁路运输企业对旅客的乘车凭证进行何种核验步骤？,旅客应当接受铁路运输企业对乘车相关凭证进行必要的核验。
乘客在搭乘火车时，铁路运输企业会怎样核验乘车凭证？,旅客应当接受铁路运输企业对乘车相关凭证进行必要的核验。
乘客需要在火车旅行中接受哪些方式的乘车凭证核验？,旅客应当接受铁路运输企业对乘车相关凭证进行必要的核验。
铁路运输企业对旅客的乘车凭证有哪些检查流程？,旅客应当接受铁路运输企业对乘车相关凭证进行必要的核验。
铁路运输企业在何种情况下需要进行票款补收？,铁路运输企业发现下列情形之一的，应当补收票款：（一）主动补票或者经车站、旅客列车同意上车补票的；（二）应当购买儿童优惠票而未买票乘车的；（三）应当购买全价票而使用儿童优惠票乘车的。需要收取手续费的，按照有关铁路旅客运输杂费的规定办理。
什么情况下铁路运输企业会要求补交票款？,铁路运输企业发现下列情形之一的，应当补收票款：（一）主动补票或者经车站、旅客列车同意上车补票的；（二）应当购买儿童优惠票而未买票乘车的；（三）应当购买全价票而使用儿童优惠票乘车的。需要收取手续费的，按照有关铁路旅客运输杂费的规定办理。
铁路运输企业什么时候需要补收旅客的票款？,铁路运输企业发现下列情形之一的，应当补收票款：（一）主动补票或者经车站、旅客列车同意上车补票的；（二）应当购买儿童优惠票而未买票乘车的；（三）应当购买全价票而使用儿童优惠票乘车的。需要收取手续费的，按照有关铁路旅客运输杂费的规定办理。
旅客在哪些情况下需要为铁路运输补交票款？,铁路运输企业发现下列情形之一的，应当补收票款：（一）主动补票或者经车站、旅客列车同意上车补票的；（二）应当购买儿童优惠票而未买票乘车的；（三）应当购买全价票而使用儿童优惠票乘车的。需要收取手续费的，按照有关铁路旅客运输杂费的规定办理。
哪些情况下铁路公司会提出票款补收的要求？,铁路运输企业发现下列情形之一的，应当补收票款：（一）主动补票或者经车站、旅客列车同意上车补票的；（二）应当购买儿童优惠票而未买票乘车的；（三）应当购买全价票而使用儿童优惠票乘车的。需要收取手续费的，按照有关铁路旅客运输杂费的规定办理。
旅客在什么情况下需要向铁路运输企业支付额外的票款？,铁路运输企业发现下列情形之一的，应当补收票款：（一）主动补票或者经车站、旅客列车同意上车补票的；（二）应当购买儿童优惠票而未买票乘车的；（三）应当购买全价票而使用儿童优惠票乘车的。需要收取手续费的，按照有关铁路旅客运输杂费的规定办理。
什么情况下铁路运输企业会要求旅客进行票款补缴？,铁路运输企业发现下列情形之一的，应当补收票款：（一）主动补票或者经车站、旅客列车同意上车补票的；（二）应当购买儿童优惠票而未买票乘车的；（三）应当购买全价票而使用儿童优惠票乘车的。需要收取手续费的，按照有关铁路旅客运输杂费的规定办理。
铁路运输企业在何种情况下会要求旅客补交票款？,铁路运输企业发现下列情形之一的，应当补收票款：（一）主动补票或者经车站、旅客列车同意上车补票的；（二）应当购买儿童优惠票而未买票乘车的；（三）应当购买全价票而使用儿童优惠票乘车的。需要收取手续费的，按照有关铁路旅客运输杂费的规定办理。
旅客在哪些情况下需要为铁路运输额外支付票款？,铁路运输企业发现下列情形之一的，应当补收票款：（一）主动补票或者经车站、旅客列车同意上车补票的；（二）应当购买儿童优惠票而未买票乘车的；（三）应当购买全价票而使用儿童优惠票乘车的。需要收取手续费的，按照有关铁路旅客运输杂费的规定办理。
铁路公司在什么情况下会向旅客追加票款？,铁路运输企业发现下列情形之一的，应当补收票款：（一）主动补票或者经车站、旅客列车同意上车补票的；（二）应当购买儿童优惠票而未买票乘车的；（三）应当购买全价票而使用儿童优惠票乘车的。需要收取手续费的，按照有关铁路旅客运输杂费的规定办理。
铁路运输企业在遇到旅客持有变造、伪造车票或证件乘车，或者发生霸占座位和其他扰乱秩序的情况时，应采取何种措施？,铁路运输企业发现变造、伪造车票或者证件乘车，霸座或者其他扰乱秩序的行为，应当及时报告公安机关。
铁路公司对于旅客持有伪造车票或证件乘车、霸占座位等行为应采取何种应对措施？,铁路运输企业发现变造、伪造车票或者证件乘车，霸座或者其他扰乱秩序的行为，应当及时报告公安机关。
旅客在铁路旅行中持有变造、伪造车票或证件，或者存在霸占座位和其他扰乱秩序的情况，铁路运输企业应当如何应对？,铁路运输企业发现变造、伪造车票或者证件乘车，霸座或者其他扰乱秩序的行为，应当及时报告公安机关。
铁路运输企业如何处理旅客持有变造、伪造车票或证件乘车以及霸占座位等不文明行为？,铁路运输企业发现变造、伪造车票或者证件乘车，霸座或者其他扰乱秩序的行为，应当及时报告公安机关。
如何规定铁路运输企业应对旅客持有变造、伪造车票或证件乘车以及霸占座位等行为？,铁路运输企业发现变造、伪造车票或者证件乘车，霸座或者其他扰乱秩序的行为，应当及时报告公安机关。
铁路运输企业在发现旅客持有变造、伪造车票或证件乘车以及霸占座位等违规行为时，应当采取何种措施？,铁路运输企业发现变造、伪造车票或者证件乘车，霸座或者其他扰乱秩序的行为，应当及时报告公安机关。
铁路公司对于旅客持有伪造车票或证件乘车、霸占座位等违规行为的处理方式有哪些规定？,铁路运输企业发现变造、伪造车票或者证件乘车，霸座或者其他扰乱秩序的行为，应当及时报告公安机关。
在铁路运输中，旅客持有变造、伪造车票或证件乘车以及霸占座位等行为的处理方式是怎样的？,铁路运输企业发现变造、伪造车票或者证件乘车，霸座或者其他扰乱秩序的行为，应当及时报告公安机关。
铁路运输企业发现旅客持有变造、伪造车票或证件乘车以及霸占座位等行为应当采取哪些措施？,铁路运输企业发现变造、伪造车票或者证件乘车，霸座或者其他扰乱秩序的行为，应当及时报告公安机关。
铁路运输企业如何应对旅客持有变造、伪造车票或证件乘车和霸占座位等违规行为？,铁路运输企业发现变造、伪造车票或者证件乘车，霸座或者其他扰乱秩序的行为，应当及时报告公安机关。
旅客携带危险物品或者违禁物品将会引发什么后果？,旅客不听从铁路运输企业工作人员劝阻，坚持携带或者夹带危险物品或者违禁物品的，铁路运输企业应当拒绝运输。对涉嫌违反治安管理的行为应当及时报告公安机关。
铁路运输企业对旅客携带危险物品或者违禁物品采取哪些措施？,旅客不听从铁路运输企业工作人员劝阻，坚持携带或者夹带危险物品或者违禁物品的，铁路运输企业应当拒绝运输。对涉嫌违反治安管理的行为应当及时报告公安机关。
对于携带危险物品或者违禁物品的旅客，铁路运输企业会采取怎样的处理方式？,旅客不听从铁路运输企业工作人员劝阻，坚持携带或者夹带危险物品或者违禁物品的，铁路运输企业应当拒绝运输。对涉嫌违反治安管理的行为应当及时报告公安机关。
旅客携带危险物品或者违禁物品在铁路运输中的影响是什么？,旅客不听从铁路运输企业工作人员劝阻，坚持携带或者夹带危险物品或者违禁物品的，铁路运输企业应当拒绝运输。对涉嫌违反治安管理的行为应当及时报告公安机关。
铁路运输企业如何处理旅客携带危险物品或者违禁物品的情况？,旅客不听从铁路运输企业工作人员劝阻，坚持携带或者夹带危险物品或者违禁物品的，铁路运输企业应当拒绝运输。对涉嫌违反治安管理的行为应当及时报告公安机关。
携带危险物品或者违禁物品的旅客会受到怎样的处理？,旅客不听从铁路运输企业工作人员劝阻，坚持携带或者夹带危险物品或者违禁物品的，铁路运输企业应当拒绝运输。对涉嫌违反治安管理的行为应当及时报告公安机关。
铁路运输企业对携带危险物品或者违禁物品的旅客会采取哪些制裁措施？,旅客不听从铁路运输企业工作人员劝阻，坚持携带或者夹带危险物品或者违禁物品的，铁路运输企业应当拒绝运输。对涉嫌违反治安管理的行为应当及时报告公安机关。
旅客携带危险物品或者违禁物品是否会受到处罚？,旅客不听从铁路运输企业工作人员劝阻，坚持携带或者夹带危险物品或者违禁物品的，铁路运输企业应当拒绝运输。对涉嫌违反治安管理的行为应当及时报告公安机关。
对于携带危险物品或者违禁物品的旅客，铁路运输企业会如何处置？,旅客不听从铁路运输企业工作人员劝阻，坚持携带或者夹带危险物品或者违禁物品的，铁路运输企业应当拒绝运输。对涉嫌违反治安管理的行为应当及时报告公安机关。
铁路运输企业对旅客携带违禁物品的处理规定是什么？,旅客不听从铁路运输企业工作人员劝阻，坚持携带或者夹带危险物品或者违禁物品的，铁路运输企业应当拒绝运输。对涉嫌违反治安管理的行为应当及时报告公安机关。
旅客携带危险物品或者违禁物品会对铁路运输服务产生何种影响？,旅客不听从铁路运输企业工作人员劝阻，坚持携带或者夹带危险物品或者违禁物品的，铁路运输企业应当拒绝运输。对涉嫌违反治安管理的行为应当及时报告公安机关。
对于携带违禁物品的旅客，铁路运输企业采取怎样的管理措施？,旅客不听从铁路运输企业工作人员劝阻，坚持携带或者夹带危险物品或者违禁物品的，铁路运输企业应当拒绝运输。对涉嫌违反治安管理的行为应当及时报告公安机关。
如果旅客携带危险物品或者违禁物品，铁路运输企业会采取何种行动？,旅客不听从铁路运输企业工作人员劝阻，坚持携带或者夹带危险物品或者违禁物品的，铁路运输企业应当拒绝运输。对涉嫌违反治安管理的行为应当及时报告公安机关。
携带违禁物品的旅客是否会被拒绝服务或禁止乘坐火车？,旅客不听从铁路运输企业工作人员劝阻，坚持携带或者夹带危险物品或者违禁物品的，铁路运输企业应当拒绝运输。对涉嫌违反治安管理的行为应当及时报告公安机关。
铁路运输企业如何防范旅客携带违禁物品的情况发生？,旅客不听从铁路运输企业工作人员劝阻，坚持携带或者夹带危险物品或者违禁物品的，铁路运输企业应当拒绝运输。对涉嫌违反治安管理的行为应当及时报告公安机关。
旅客携带危险物品或者违禁物品是否会触犯法律？,旅客不听从铁路运输企业工作人员劝阻，坚持携带或者夹带危险物品或者违禁物品的，铁路运输企业应当拒绝运输。对涉嫌违反治安管理的行为应当及时报告公安机关。
铁路运输企业对于旅客携带危险物品或者违禁物品有哪些规定？,旅客不听从铁路运输企业工作人员劝阻，坚持携带或者夹带危险物品或者违禁物品的，铁路运输企业应当拒绝运输。对涉嫌违反治安管理的行为应当及时报告公安机关。
旅客携带危险物品或者违禁物品是否会对列车运行安全构成威胁？,旅客不听从铁路运输企业工作人员劝阻，坚持携带或者夹带危险物品或者违禁物品的，铁路运输企业应当拒绝运输。对涉嫌违反治安管理的行为应当及时报告公安机关。
携带危险物品或违禁物品的旅客会受到怎样的处理？,旅客不听从铁路运输企业工作人员劝阻，坚持携带或者夹带危险物品或者违禁物品的，铁路运输企业应当拒绝运输。对涉嫌违反治安管理的行为应当及时报告公安机关。
铁路运输企业如何防范和应对旅客携带违禁物品的情况？,旅客不听从铁路运输企业工作人员劝阻，坚持携带或者夹带危险物品或者违禁物品的，铁路运输企业应当拒绝运输。对涉嫌违反治安管理的行为应当及时报告公安机关。
铁路运输企业托运行李的安全检查依据是什么？,铁路运输企业应当按照《中华人民共和国反恐怖主义法》《铁路安全管理条例》《铁路旅客运输安全检查管理办法》等规定，对旅客托运的行李进行安全检查。
铁路运输企业对旅客行李进行安全检查是基于什么依据？,铁路运输企业应当按照《中华人民共和国反恐怖主义法》《铁路安全管理条例》《铁路旅客运输安全检查管理办法》等规定，对旅客托运的行李进行安全检查。
行李安全检查在铁路运输中的依据是什么？,铁路运输企业应当按照《中华人民共和国反恐怖主义法》《铁路安全管理条例》《铁路旅客运输安全检查管理办法》等规定，对旅客托运的行李进行安全检查。
铁路运输企业如何确定行李安全检查的依据？,铁路运输企业应当按照《中华人民共和国反恐怖主义法》《铁路安全管理条例》《铁路旅客运输安全检查管理办法》等规定，对旅客托运的行李进行安全检查。
行李安全检查在铁路运输企业中的依据是什么？,铁路运输企业应当按照《中华人民共和国反恐怖主义法》《铁路安全管理条例》《铁路旅客运输安全检查管理办法》等规定，对旅客托运的行李进行安全检查。
铁路运输企业对旅客行李进行安全检查，是依据什么规定？,铁路运输企业应当按照《中华人民共和国反恐怖主义法》《铁路安全管理条例》《铁路旅客运输安全检查管理办法》等规定，对旅客托运的行李进行安全检查。
哪些法规规定了铁路运输企业对旅客行李的安全检查？,铁路运输企业应当按照《中华人民共和国反恐怖主义法》《铁路安全管理条例》《铁路旅客运输安全检查管理办法》等规定，对旅客托运的行李进行安全检查。
铁路运输企业对旅客行李进行安全检查的法律依据是什么？,铁路运输企业应当按照《中华人民共和国反恐怖主义法》《铁路安全管理条例》《铁路旅客运输安全检查管理办法》等规定，对旅客托运的行李进行安全检查。
行李安全检查在铁路运输企业中是基于什么依据？,铁路运输企业应当按照《中华人民共和国反恐怖主义法》《铁路安全管理条例》《铁路旅客运输安全检查管理办法》等规定，对旅客托运的行李进行安全检查。
铁路运输企业对旅客行李安全检查的依据有哪些？,铁路运输企业应当按照《中华人民共和国反恐怖主义法》《铁路安全管理条例》《铁路旅客运输安全检查管理办法》等规定，对旅客托运的行李进行安全检查。
行李安全检查在铁路运输中的依据是哪些法律法规？,铁路运输企业应当按照《中华人民共和国反恐怖主义法》《铁路安全管理条例》《铁路旅客运输安全检查管理办法》等规定，对旅客托运的行李进行安全检查。
铁路运输企业对旅客行李进行安全检查的依据是哪些条例？,铁路运输企业应当按照《中华人民共和国反恐怖主义法》《铁路安全管理条例》《铁路旅客运输安全检查管理办法》等规定，对旅客托运的行李进行安全检查。
行李安全检查在铁路运输企业中遵循哪些规定？,铁路运输企业应当按照《中华人民共和国反恐怖主义法》《铁路安全管理条例》《铁路旅客运输安全检查管理办法》等规定，对旅客托运的行李进行安全检查。
铁路运输企业对旅客行李安全检查的依据是哪些法规？,铁路运输企业应当按照《中华人民共和国反恐怖主义法》《铁路安全管理条例》《铁路旅客运输安全检查管理办法》等规定，对旅客托运的行李进行安全检查。
旅客行李安全检查在铁路运输企业中的依据是什么？,铁路运输企业应当按照《中华人民共和国反恐怖主义法》《铁路安全管理条例》《铁路旅客运输安全检查管理办法》等规定，对旅客托运的行李进行安全检查。
铁路运输企业如何依据法规对旅客行李进行安全检查？,铁路运输企业应当按照《中华人民共和国反恐怖主义法》《铁路安全管理条例》《铁路旅客运输安全检查管理办法》等规定，对旅客托运的行李进行安全检查。
行李安全检查在铁路运输企业中按照哪些法规进行？,铁路运输企业应当按照《中华人民共和国反恐怖主义法》《铁路安全管理条例》《铁路旅客运输安全检查管理办法》等规定，对旅客托运的行李进行安全检查。
铁路运输企业对旅客行李进行安全检查的依据包括哪些法律条文？,铁路运输企业应当按照《中华人民共和国反恐怖主义法》《铁路安全管理条例》《铁路旅客运输安全检查管理办法》等规定，对旅客托运的行李进行安全检查。
行李安全检查在铁路运输中是依据哪些规定进行的？,铁路运输企业应当按照《中华人民共和国反恐怖主义法》《铁路安全管理条例》《铁路旅客运输安全检查管理办法》等规定，对旅客托运的行李进行安全检查。
铁路运输企业如何依据法律法规对旅客行李进行安全检查？,铁路运输企业应当按照《中华人民共和国反恐怖主义法》《铁路安全管理条例》《铁路旅客运输安全检查管理办法》等规定，对旅客托运的行李进行安全检查。
行李包装需要满足什么标准？,行李的包装应当完整牢固、适合运输，包装材料和方式符合国家规定的包装标准和条件。
行李在包装时需要遵守哪些规定？,行李的包装应当完整牢固、适合运输，包装材料和方式符合国家规定的包装标准和条件。
行李包装要符合哪些要求？,行李的包装应当完整牢固、适合运输，包装材料和方式符合国家规定的包装标准和条件。
行李包装应当满足怎样的条件？,行李的包装应当完整牢固、适合运输，包装材料和方式符合国家规定的包装标准和条件。
行李如何进行包装符合规定？,行李的包装应当完整牢固、适合运输，包装材料和方式符合国家规定的包装标准和条件。
包装行李时需要注意哪些条件？,行李的包装应当完整牢固、适合运输，包装材料和方式符合国家规定的包装标准和条件。
如何规范行李的包装？,行李的包装应当完整牢固、适合运输，包装材料和方式符合国家规定的包装标准和条件。
包装行李需要考虑哪些规定？,行李的包装应当完整牢固、适合运输，包装材料和方式符合国家规定的包装标准和条件。
行李包装必须满足哪些标准？,行李的包装应当完整牢固、适合运输，包装材料和方式符合国家规定的包装标准和条件。
行李在包装时需要遵循哪些准则？,行李的包装应当完整牢固、适合运输，包装材料和方式符合国家规定的包装标准和条件。
行李包装应当遵守哪些原则？,行李的包装应当完整牢固、适合运输，包装材料和方式符合国家规定的包装标准和条件。
行李如何进行合规的包装？,行李的包装应当完整牢固、适合运输，包装材料和方式符合国家规定的包装标准和条件。
行李包装的条件有哪些要求？,行李的包装应当完整牢固、适合运输，包装材料和方式符合国家规定的包装标准和条件。
包装行李的条件有哪些规定？,行李的包装应当完整牢固、适合运输，包装材料和方式符合国家规定的包装标准和条件。
行李包装对条件有哪些规范？,行李的包装应当完整牢固、适合运输，包装材料和方式符合国家规定的包装标准和条件。
行李包装需要满足哪些法规？,行李的包装应当完整牢固、适合运输，包装材料和方式符合国家规定的包装标准和条件。
行李包装的规定是什么？,行李的包装应当完整牢固、适合运输，包装材料和方式符合国家规定的包装标准和条件。
行李包装有哪些标准需要遵守？,行李的包装应当完整牢固、适合运输，包装材料和方式符合国家规定的包装标准和条件。
行李如何包装符合相关条件？,行李的包装应当完整牢固、适合运输，包装材料和方式符合国家规定的包装标准和条件。
行李包装的合规要求有哪些？,行李的包装应当完整牢固、适合运输，包装材料和方式符合国家规定的包装标准和条件。
